01c92d3c5e470cbc71b8a461b0ecff53,kopi
912ec803b2ce49e4a541068d495ab570,asdf
020d69ec2ee5b3f192483936e2c7f561,xkcd
ab56b4d92b40713acc5af89985d4b786,abcde
1037d5106b20aafac8809012af0dac70,bojio
827ccb0eea8a706c4c34a16891f84e7b,12345
5ae3203519771859a4ccd812331951e4,siao5
d606757a9c50dedc85e3cc90949b10ae,makan
c37bf859faf392800d739a41fe5af151,98765
1a462c628ff3c9ba3ed4af6b692ae1fb,lepak
fe01d67a002dfa0f3ac084298142eccd,orange
72b302bf297a228a75730123efef7c41,banana
9443b0fceb8c03b6a514a706ea69df0b,donkey
5ebe2294ecd0e0f08eab7690d2a6ee69,secret
dca27e8a94eac4010ae86ccd15c75447,paiseh
e10adc3949ba59abbe56e057f20f883e,123456
7f59a125a3f57ff02c3691b7a829b837,cuvant
5213097ccbffbfd3dd262860a3c15afc,alamak
d8578edf8458ce06fbc5bb76a58c5ca4,qwerty
4297f44b13955235245b2497399d7a93,123123
c822c1b63853ed273b89687ac505f9fa,google
8621ffdbc5698829397d97767ac13db3,dragon
e99a18c428cb38d5f260853678922e03,abc123
981d304c3f23f463adfefc42028f7f0c,zyx987